[
  {
    "id": 1,
    "title": "Tapete Industrial - Exemplo",
    "price": "150\u20ac",
    "image": "/images/stock-1.jpg",
    "desc": "Tapete resistente, ideal para \u00e1reas de passagem."
  },
  {
    "id": 2,
    "title": "Tapete Persa - Exemplo",
    "price": "980\u20ac",
    "image": "/images/stock-2.jpg",
    "desc": "Pe\u00e7a artesanal persa feita \u00e0 m\u00e3o."
  },
  {
    "id": 3,
    "title": "Tapete Oriental - Exemplo",
    "price": "420\u20ac",
    "image": "/images/stock-3.jpg",
    "desc": "Tapete oriental de padr\u00e3o cl\u00e1ssico."
  }
]